,openssl,openssl,CVE-1999-0428,HIGH
,openssl,openssl,CVE-2000-1254,HIGH
,openssl,openssl,CVE-2006-4339,MEDIUM
,openssl,openssl,CVE-2006-7250,MEDIUM
,openssl,openssl,CVE-2007-3108,LOW
,openssl,openssl,CVE-2008-5077,MEDIUM
,openssl,openssl,CVE-2008-7270,MEDIUM
,openssl,openssl,CVE-2009-0590,MEDIUM
,openssl,openssl,CVE-2009-0789,MEDIUM
,openssl,openssl,CVE-2009-1377,MEDIUM
,openssl,openssl,CVE-2009-1378,MEDIUM
,openssl,openssl,CVE-2009-1387,MEDIUM
,openssl,openssl,CVE-2009-1390,MEDIUM
,openssl,openssl,CVE-2009-3245,HIGH
,openssl,openssl,CVE-2009-3555,MEDIUM
,openssl,openssl,CVE-2009-3765,MEDIUM
,openssl,openssl,CVE-2009-3766,MEDIUM
,openssl,openssl,CVE-2009-3767,MEDIUM
,openssl,openssl,CVE-2009-4355,MEDIUM
,openssl,openssl,CVE-2010-0433,MEDIUM
,openssl,openssl,CVE-2010-0742,HIGH
,openssl,openssl,CVE-2010-4180,MEDIUM
,openssl,openssl,CVE-2010-4252,HIGH
,openssl,openssl,CVE-2010-5298,MEDIUM
,openssl,openssl,CVE-2011-1473,MEDIUM
,openssl,openssl,CVE-2011-1945,LOW
,openssl,openssl,CVE-2011-4108,MEDIUM
,openssl,openssl,CVE-2011-4354,MEDIUM
,openssl,openssl,CVE-2011-4576,MEDIUM
,openssl,openssl,CVE-2011-4577,MEDIUM
,openssl,openssl,CVE-2011-4619,MEDIUM
,openssl,openssl,CVE-2012-0027,MEDIUM
,openssl,openssl,CVE-2012-0884,MEDIUM
,openssl,openssl,CVE-2012-1165,MEDIUM
,openssl,openssl,CVE-2012-2110,HIGH
,openssl,openssl,CVE-2012-2333,MEDIUM
,openssl,openssl,CVE-2013-6449,MEDIUM
,openssl,openssl,CVE-2014-0076,LOW
,openssl,openssl,CVE-2014-0195,MEDIUM
,openssl,openssl,CVE-2014-0221,MEDIUM
,openssl,openssl,CVE-2014-0224,HIGH
,openssl,openssl,CVE-2014-3470,MEDIUM
,openssl,openssl,CVE-2014-3567,HIGH
,openssl,openssl,CVE-2014-3568,MEDIUM
,openssl,openssl,CVE-2014-3570,MEDIUM
,openssl,openssl,CVE-2014-3571,MEDIUM
,openssl,openssl,CVE-2014-3572,MEDIUM
,openssl,openssl,CVE-2014-8176,HIGH
,openssl,openssl,CVE-2014-8275,MEDIUM
,openssl,openssl,CVE-2015-0204,MEDIUM
,openssl,openssl,CVE-2015-0209,MEDIUM
,openssl,openssl,CVE-2015-0286,MEDIUM
,openssl,openssl,CVE-2015-0287,MEDIUM
,openssl,openssl,CVE-2015-0288,MEDIUM
,openssl,openssl,CVE-2015-0289,MEDIUM
,openssl,openssl,CVE-2015-0292,HIGH
,openssl,openssl,CVE-2015-0293,MEDIUM
,openssl,openssl,CVE-2015-1788,MEDIUM
,openssl,openssl,CVE-2015-1789,HIGH
,openssl,openssl,CVE-2015-1790,MEDIUM
,openssl,openssl,CVE-2015-1791,MEDIUM
,openssl,openssl,CVE-2015-1792,MEDIUM
,openssl,openssl,CVE-2015-4000,LOW
,openssl,openssl,CVE-2016-0703,MEDIUM
,openssl,openssl,CVE-2016-0704,MEDIUM
,openssl,openssl,CVE-2016-2106,HIGH
,openssl,openssl,CVE-2016-2107,MEDIUM
,openssl,openssl,CVE-2016-2108,CRITICAL
,openssl,openssl,CVE-2016-2109,HIGH
,openssl,openssl,CVE-2016-2176,HIGH
,openssl,openssl,CVE-2016-7056,MEDIUM
