vendor,product
plot,plotly
pocoo,jinja2
aiohttp_project,aiohttp
pyyaml,pyyaml
willmcgugan_not_in_db,rich
crummy_not_in_db,beautifulsoup4
uiri_not_in_db,toml
jsonschema_not_in_db,jsonschema
srossross_not_in_db,rpmfile
indygreg_not_in_db,zstandard
nir0s_not_in_db,distro
tiran_not_in_db,defusedxml
sissaschool_not_in_db,xmlschema
python_not_in_db,importlib_metadata
python,requests
python,urllib3
google,gsutil
skontar,cvss
python_not_in_db,packaging
python_not_in_db,importlib_resources
vsajip_not_in_db,python-gnupg
anthonyharrison_not_in_db,lib4sbom
the_purl_authors_not_in_db,packageurl-python
